{"cameraMode":{"drawMode":0,"name":"Shaded","section":"Shading Mode"},"sceneLighting":false,"audioPlay":false,"sceneViewState":{"m_AlwaysRefresh":false,"showFog":true,"showSkybox":false,"showFlares":true,"showImageEffects":true,"showParticleSystems":true,"showVisualEffectGraphs":true,"m_FxEnabled":true},"in2DMode":false,"pivot":{"x":-14.813581466674805,"y":1.974897027015686,"z":-25.80330467224121},"rotation":{"x":0.12799350917339326,"y":0.09949728846549988,"z":-0.012906827963888646,"w":0.9866876602172852},"size":2.5786728858947756,"orthographic":false}