{"cameraMode":{"drawMode":0,"name":"Shaded","section":"Shading Mode"},"sceneLighting":false,"audioPlay":false,"sceneViewState":{"m_AlwaysRefresh":false,"showFog":true,"showSkybox":false,"showFlares":true,"showImageEffects":true,"showParticleSystems":true,"showVisualEffectGraphs":true,"m_FxEnabled":true},"in2DMode":false,"pivot":{"x":-0.0007917424663901329,"y":0.0018936190754175187,"z":-0.0016808658838272095},"rotation":{"x":0.15500345826148988,"y":0.15110671520233155,"z":-0.023997923359274865,"w":0.975998044013977},"size":0.025926578789949418,"orthographic":false}