{"cameraMode":{"drawMode":0,"name":"Shaded","section":"Shading Mode"},"sceneLighting":true,"audioPlay":false,"sceneViewState":{"m_AlwaysRefresh":false,"showFog":true,"showSkybox":true,"showFlares":true,"showImageEffects":true,"showParticleSystems":true,"showVisualEffectGraphs":true,"m_FxEnabled":true},"in2DMode":false,"pivot":{"x":35.376590728759769,"y":-26.553932189941408,"z":-29.565383911132814},"rotation":{"x":0.11007432639598847,"y":0.8714943528175354,"z":-0.22857321798801423,"w":0.41968706250190737},"size":30.720748901367189,"orthographic":false}