{"cameraMode":{"drawMode":0,"name":"Shaded","section":"Shading Mode"},"sceneLighting":true,"audioPlay":false,"sceneViewState":{"m_AlwaysRefresh":false,"showFog":true,"showSkybox":true,"showFlares":true,"showImageEffects":true,"showParticleSystems":true,"showVisualEffectGraphs":true,"m_FxEnabled":true},"in2DMode":false,"pivot":{"x":0.9009017944335938,"y":1.7308712005615235,"z":2.348404884338379},"rotation":{"x":0.004293902311474085,"y":0.9337007999420166,"z":0.011205695569515229,"w":-0.35785791277885439},"size":3.3519628047943117,"orthographic":false}