{"cameraMode":{"drawMode":0,"name":"Shaded","section":"Shading Mode"},"sceneLighting":true,"audioPlay":false,"sceneViewState":{"m_AlwaysRefresh":false,"showFog":true,"showSkybox":true,"showFlares":true,"showImageEffects":true,"showParticleSystems":true,"showVisualEffectGraphs":true,"m_FxEnabled":true},"in2DMode":false,"pivot":{"x":2.4870142936706545,"y":-0.050705909729003909,"z":-0.6239863634109497},"rotation":{"x":0.06094244867563248,"y":0.7903808951377869,"z":-0.07970172166824341,"w":0.6043458580970764},"size":2.8353450298309328,"orthographic":false}