{"cameraMode":{"drawMode":0,"name":"Shaded","section":"Shading Mode"},"sceneLighting":true,"audioPlay":false,"sceneViewState":{"m_AlwaysRefresh":false,"showFog":true,"showSkybox":true,"showFlares":true,"showImageEffects":true,"showParticleSystems":true,"showVisualEffectGraphs":true,"m_FxEnabled":true},"in2DMode":false,"pivot":{"x":1.1025454998016358,"y":0.9841712117195129,"z":2.357388496398926},"rotation":{"x":0.060484807938337329,"y":0.1772180199623108,"z":-0.010912559926509858,"w":0.9822512269020081},"size":3.798302412033081,"orthographic":false}