{"cameraMode":{"drawMode":0,"name":"Shaded","section":"Shading Mode"},"sceneLighting":true,"audioPlay":false,"sceneViewState":{"m_AlwaysRefresh":false,"showFog":true,"showSkybox":true,"showFlares":true,"showImageEffects":true,"showParticleSystems":true,"showVisualEffectGraphs":true,"m_FxEnabled":true},"in2DMode":false,"pivot":{"x":5.316867351531982,"y":-0.20427680015563966,"z":-0.7696359157562256},"rotation":{"x":-0.09938383847475052,"y":-0.777292788028717,"z":0.12703752517700196,"w":-0.6081210374832153},"size":2.8125016689300539,"orthographic":false}