{"cameraMode":{"drawMode":0,"name":"Shaded","section":"Shading Mode"},"sceneLighting":true,"audioPlay":false,"sceneViewState":{"m_AlwaysRefresh":false,"showFog":true,"showSkybox":true,"showFlares":true,"showImageEffects":true,"showParticleSystems":true,"showVisualEffectGraphs":true,"m_FxEnabled":true},"in2DMode":false,"pivot":{"x":1.616105079650879,"y":1.7036292552947999,"z":-0.3007643520832062},"rotation":{"x":-0.02266661264002323,"y":0.7533333897590637,"z":-0.025999493896961213,"w":-0.6567360758781433},"size":1.1746329069137574,"orthographic":false}