{"cameraMode":{"drawMode":0,"name":"Shaded","section":"Shading Mode"},"sceneLighting":false,"audioPlay":false,"sceneViewState":{"m_AlwaysRefresh":false,"showFog":true,"showSkybox":false,"showFlares":true,"showImageEffects":true,"showParticleSystems":true,"showVisualEffectGraphs":true,"m_FxEnabled":true},"in2DMode":false,"pivot":{"x":0.5477026700973511,"y":0.15226620435714723,"z":-2.6399545669555666},"rotation":{"x":-0.1028057411313057,"y":0.2528294622898102,"z":-0.0270282793790102,"w":-0.9616550803184509},"size":0.17719748616218568,"orthographic":false}