{"cameraMode":{"drawMode":0,"name":"Shaded","section":"Shading Mode"},"sceneLighting":false,"audioPlay":false,"sceneViewState":{"m_AlwaysRefresh":false,"showFog":false,"showSkybox":false,"showFlares":false,"showImageEffects":false,"showParticleSystems":false,"showVisualEffectGraphs":true,"m_FxEnabled":true},"in2DMode":false,"pivot":{"x":0.21766149997711183,"y":3.5550103187561037,"z":-0.38492774963378909},"rotation":{"x":0.2537454068660736,"y":-0.043210215866565707,"z":0.011347316205501557,"w":0.9662449359893799},"size":4.090938568115234,"orthographic":false}